lz412,lz412,Lai Zhang,Admin
yfy123,yfy123,Yufan Yang,Admin
dell123,dell123,Dell,Supplier
sg123,sg123,Steven Gerrard,Salesman
ls123,ls123,Luis Suaraz,Salesman
apple123,apple123,Apple,Supplier
zhanglai,zhanglai,Lai Zhang,Admin
apple234,apple234,Apple,Supplier
abc,abc,Steven Gerrard,Salesman
ec123,ec123,Emre Can,Salesman
dl123,dl123,Dejon Lovern,Salesman
rf123,rf123,Robeto Filmino,Salesman
pc123,pc123,Philippe Coutinuo,Salesman
am123,am123,Albert Moreno,Salesman
jc123,jc123,Jermy Carragher,Salesman
ms123,ms123,Mohamod Salarh,Salesman
gw123,gw123,Genni Winarldum,Salesman
ac123,ac123,Alexander Chamberlin,Salesman
di123,di123,Danny Inns,Salesman
bw123,bw123,Ben Woodbern,Salesman
jt123,jt123,John Terry,Salesman
eh123,eh123,Eden Harzard,Salesman
acl123,acl123,Ashley Cole,Salesman
dd123,dd123,Didile Drogba,Salesman
fl123,fl123,Frank Lampard,Salesman
pp123,pp123,Paul Pogba,Salesman
wr123,wr123,Waynee Rooney,Salesman
gn123,gn123,Gary Neville,Salesman
ps123,ps123,Paul Scholes,Salesman
dlz123,dlz123,David Luiz,Salesman
st123,st123,Sijie Tang,Admin
